,FECHA,ML,Low,High
AN,2020-02-25,2.0,0.34,6.43
AN,2020-02-26,2.35,0.48,5.72
AN,2020-02-27,2.05,0.5,4.54
AN,2020-02-28,1.8900000000000001,0.47000000000000003,3.98
AN,2020-02-29,1.78,0.48,3.67
AN,2020-03-01,1.52,0.39,3.21
AN,2020-03-02,1.5,0.39,3.13
AN,2020-03-03,1.35,0.0,3.12
AN,2020-03-04,1.32,0.0,3.0300000000000002
AN,2020-03-05,1.83,0.11,3.44
AN,2020-03-06,2.27,0.58,3.84
AN,2020-03-07,2.37,0.91,3.73
AN,2020-03-08,2.49,1.28,3.63
AN,2020-03-09,2.59,1.6300000000000001,3.56
AN,2020-03-10,2.48,1.68,3.2800000000000002
AN,2020-03-11,2.61,1.96,3.27
AN,2020-03-12,2.5,1.97,3.06
AN,2020-03-13,2.34,1.8900000000000001,2.81
AN,2020-03-14,2.19,1.79,2.58
AN,2020-03-15,2.0100000000000002,1.67,2.37
AN,2020-03-16,1.8800000000000001,1.57,2.2
AN,2020-03-17,1.79,1.51,2.08
AN,2020-03-18,1.6600000000000001,1.3900000000000001,1.9100000000000001
AN,2020-03-19,1.56,1.32,1.81
AN,2020-03-20,1.53,1.31,1.77
AN,2020-03-21,1.54,1.33,1.76
AN,2020-03-22,1.56,1.37,1.77
AN,2020-03-23,1.55,1.36,1.73
AN,2020-03-24,1.52,1.34,1.69
AN,2020-03-25,1.45,1.29,1.62
AN,2020-03-26,1.42,1.26,1.57
AN,2020-03-27,1.34,1.19,1.49
AN,2020-03-28,1.28,1.1400000000000001,1.43
AN,2020-03-29,1.24,1.1,1.3800000000000001
AN,2020-03-30,1.18,1.05,1.33
AN,2020-03-31,1.12,0.99,1.26
AN,2020-04-01,1.09,0.9500000000000001,1.22
AN,2020-04-02,1.01,0.88,1.1500000000000001
AN,2020-04-03,0.96,0.8200000000000001,1.09
AN,2020-04-04,0.86,0.73,1.01
AN,2020-04-05,0.76,0.61,0.89
AN,2020-04-06,0.67,0.53,0.8300000000000001
AN,2020-04-07,0.6,0.45,0.76
AN,2020-04-08,0.5700000000000001,0.41000000000000003,0.74
AN,2020-04-09,0.58,0.41000000000000003,0.75
AN,2020-04-10,0.59,0.41000000000000003,0.77
AN,2020-04-11,0.63,0.44,0.8200000000000001
AN,2020-04-12,0.65,0.46,0.86
AN,2020-04-13,0.65,0.44,0.85
AR,2020-03-03,2.0,0.34,6.43
AR,2020-03-04,2.35,0.48,5.72
AR,2020-03-05,2.05,0.5,4.54
AR,2020-03-06,2.48,0.74,4.64
AR,2020-03-07,2.52,0.92,4.29
AR,2020-03-08,2.41,0.99,3.85
AR,2020-03-09,2.37,1.17,3.64
AR,2020-03-10,2.38,1.23,3.5100000000000002
AR,2020-03-11,2.21,1.23,3.19
AR,2020-03-12,2.12,1.26,2.96
AR,2020-03-13,1.9100000000000001,1.16,2.68
AR,2020-03-14,1.74,1.04,2.42
AR,2020-03-15,1.6300000000000001,0.99,2.27
AR,2020-03-16,1.59,1.0,2.19
AR,2020-03-17,1.55,1.0,2.11
AR,2020-03-18,1.62,1.12,2.15
AR,2020-03-19,1.67,1.19,2.13
AR,2020-03-20,1.71,1.27,2.13
AR,2020-03-21,1.74,1.36,2.15
AR,2020-03-22,1.77,1.42,2.14
AR,2020-03-23,1.76,1.43,2.08
AR,2020-03-24,1.76,1.46,2.05
AR,2020-03-25,1.71,1.44,1.98
AR,2020-03-26,1.6500000000000001,1.4000000000000001,1.9000000000000001
AR,2020-03-27,1.55,1.33,1.8
AR,2020-03-28,1.45,1.23,1.67
AR,2020-03-29,1.34,1.1400000000000001,1.57
AR,2020-03-30,1.23,1.03,1.44
AR,2020-03-31,1.1300000000000001,0.93,1.34
AR,2020-04-01,1.02,0.8300000000000001,1.24
AR,2020-04-02,0.93,0.73,1.1400000000000001
AR,2020-04-03,0.85,0.64,1.06
AR,2020-04-04,0.77,0.56,0.99
AR,2020-04-05,0.71,0.49,0.93
AR,2020-04-06,0.6900000000000001,0.46,0.92
AR,2020-04-07,0.6900000000000001,0.45,0.93
AR,2020-04-08,0.71,0.47000000000000003,0.97
AR,2020-04-09,0.75,0.49,1.0
AR,2020-04-10,0.78,0.53,1.06
AR,2020-04-11,0.84,0.58,1.12
AR,2020-04-12,0.86,0.6,1.1500000000000001
AR,2020-04-13,0.85,0.58,1.1400000000000001
AS,2020-03-01,2.0,0.34,6.43
AS,2020-03-02,1.8800000000000001,0.38,5.01
AS,2020-03-03,1.8,0.38,4.45
AS,2020-03-04,1.74,0.4,4.13
AS,2020-03-05,1.69,0.37,3.85
AS,2020-03-06,1.8900000000000001,0.47000000000000003,3.98
AS,2020-03-07,2.0,0.56,3.9
AS,2020-03-08,2.62,0.56,4.45
AS,2020-03-09,2.71,0.99,4.26
AS,2020-03-10,2.56,1.1500000000000001,3.85
AS,2020-03-11,2.54,1.4000000000000001,3.63
AS,2020-03-12,2.46,1.52,3.38
AS,2020-03-13,2.19,1.3900000000000001,2.99
AS,2020-03-14,2.0100000000000002,1.31,2.72
AS,2020-03-15,1.83,1.2,2.47
AS,2020-03-16,1.69,1.12,2.29
AS,2020-03-17,1.72,1.2,2.27
AS,2020-03-18,1.69,1.21,2.19
AS,2020-03-19,1.6300000000000001,1.16,2.06
AS,2020-03-20,1.56,1.1400000000000001,1.98
AS,2020-03-21,1.49,1.1,1.8900000000000001
AS,2020-03-22,1.4000000000000001,1.02,1.77
AS,2020-03-23,1.33,0.97,1.69
AS,2020-03-24,1.23,0.87,1.57
AS,2020-03-25,1.16,0.8300000000000001,1.52
AS,2020-03-26,1.1,0.76,1.44
AS,2020-03-27,1.06,0.73,1.41
AS,2020-03-28,1.02,0.68,1.35
AS,2020-03-29,1.01,0.68,1.35
AS,2020-03-30,1.0,0.66,1.33
AS,2020-03-31,0.98,0.65,1.33
AS,2020-04-01,0.9500000000000001,0.62,1.3
AS,2020-04-02,0.93,0.59,1.28
AS,2020-04-03,0.89,0.55,1.25
AS,2020-04-04,0.84,0.49,1.2
AS,2020-04-05,0.78,0.42,1.1500000000000001
AS,2020-04-06,0.74,0.36,1.11
AS,2020-04-07,0.68,0.29,1.07
AS,2020-04-08,0.66,0.27,1.09
AS,2020-04-09,0.71,0.3,1.1500000000000001
AS,2020-04-10,0.8200000000000001,0.4,1.27
AS,2020-04-11,0.99,0.56,1.43
AS,2020-04-12,1.17,0.75,1.6
AS,2020-04-13,1.28,0.87,1.69
CB,2020-03-08,2.0,0.34,6.43
CB,2020-03-09,2.35,0.48,5.72
CB,2020-03-10,2.43,0.64,4.98
CB,2020-03-11,2.64,0.87,4.67
CB,2020-03-12,2.54,0.99,4.17
CB,2020-03-13,2.24,0.9400000000000001,3.61
CB,2020-03-14,2.06,0.93,3.27
CB,2020-03-15,1.82,0.62,3.0
CB,2020-03-16,1.84,0.75,2.91
CB,2020-03-17,2.11,1.1400000000000001,3.02
CB,2020-03-18,2.2600000000000002,1.46,3.0700000000000003
CB,2020-03-19,2.3000000000000003,1.6300000000000001,3.0
CB,2020-03-20,2.23,1.6500000000000001,2.82
CB,2020-03-21,2.1,1.58,2.6
CB,2020-03-22,2.02,1.57,2.47
CB,2020-03-23,1.9100000000000001,1.5,2.3000000000000003
CB,2020-03-24,1.79,1.43,2.16
CB,2020-03-25,1.6600000000000001,1.33,2.0
CB,2020-03-26,1.5,1.19,1.82
CB,2020-03-27,1.34,1.05,1.6600000000000001
CB,2020-03-28,1.19,0.9,1.49
CB,2020-03-29,1.02,0.73,1.32
CB,2020-03-30,0.88,0.59,1.19
CB,2020-03-31,0.75,0.45,1.07
CB,2020-04-01,0.63,0.32,0.97
CB,2020-04-02,0.55,0.22,0.9
CB,2020-04-03,0.52,0.18,0.9
CB,2020-04-04,0.56,0.19,0.9500000000000001
CB,2020-04-05,0.67,0.28,1.08
CB,2020-04-06,0.76,0.35000000000000003,1.17
CB,2020-04-07,0.85,0.44,1.28
CB,2020-04-08,0.89,0.47000000000000003,1.32
CB,2020-04-09,0.89,0.47000000000000003,1.33
CB,2020-04-10,0.89,0.46,1.33
CB,2020-04-11,0.84,0.4,1.29
CB,2020-04-12,0.8,0.35000000000000003,1.26
CB,2020-04-13,0.77,0.31,1.25
CE,2020-03-17,2.0,0.34,6.43
CE,2020-03-18,1.8800000000000001,0.38,5.01
CE,2020-03-19,1.8,0.38,4.45
CE,2020-03-20,1.74,0.4,4.13
CE,2020-03-21,1.69,0.37,3.85
CE,2020-03-22,1.6400000000000001,0.4,3.7
CE,2020-03-23,1.61,0.41000000000000003,3.56
CE,2020-03-24,1.53,0.0,3.66
CE,2020-03-25,1.47,0.0,3.49
CE,2020-03-26,1.8,0.01,3.61
CE,2020-03-27,1.96,0.1,3.65
CE,2020-03-28,2.0100000000000002,0.26,3.62
CE,2020-03-29,1.98,0.38,3.48
CE,2020-03-30,1.93,0.48,3.31
CE,2020-03-31,1.86,0.51,3.08
CE,2020-04-01,1.71,0.51,2.87
CE,2020-04-02,1.52,0.39,2.58
CE,2020-04-03,1.24,0.21,2.25
CE,2020-04-04,1.08,0.12,2.05
CE,2020-04-05,0.85,0.0,1.74
CE,2020-04-06,0.67,0.0,1.6300000000000001
CE,2020-04-07,0.35000000000000003,0.0,1.46
CE,2020-04-08,0.23,0.0,1.49
CE,2020-04-09,0.05,0.0,1.51
CE,2020-04-10,0.15,0.0,1.72
CE,2020-04-11,0.15,0.0,1.8900000000000001
CE,2020-04-12,0.5,0.0,2.23
CE,2020-04-13,0.43,0.0,2.3000000000000003
CL,2020-02-28,2.0,0.34,6.43
CL,2020-02-29,1.8800000000000001,0.38,5.01
CL,2020-03-01,2.17,0.51,4.99
CL,2020-03-02,1.96,0.5,4.24
CL,2020-03-03,1.83,0.46,3.79
CL,2020-03-04,1.94,0.55,3.75
CL,2020-03-05,1.8,0.55,3.44
CL,2020-03-06,1.78,0.08,3.31
CL,2020-03-07,2.21,0.53,3.71
CL,2020-03-08,2.06,0.59,3.41
CL,2020-03-09,2.15,0.89,3.38
CL,2020-03-10,2.35,1.28,3.39
CL,2020-03-11,2.38,1.47,3.24
CL,2020-03-12,2.4,1.6500000000000001,3.14
CL,2020-03-13,2.43,1.81,3.06
CL,2020-03-14,2.47,1.96,3.0
CL,2020-03-15,2.43,2.0,2.87
CL,2020-03-16,2.37,2.0100000000000002,2.74
CL,2020-03-17,2.25,1.94,2.57
CL,2020-03-18,2.1,1.83,2.38
CL,2020-03-19,1.94,1.71,2.2
CL,2020-03-20,1.8,1.59,2.0300000000000002
CL,2020-03-21,1.68,1.49,1.9000000000000001
CL,2020-03-22,1.61,1.43,1.81
CL,2020-03-23,1.56,1.3800000000000001,1.73
CL,2020-03-24,1.53,1.37,1.7
CL,2020-03-25,1.5,1.35,1.6600000000000001
CL,2020-03-26,1.45,1.3,1.59
CL,2020-03-27,1.36,1.23,1.51
CL,2020-03-28,1.28,1.1500000000000001,1.42
CL,2020-03-29,1.19,1.06,1.32
CL,2020-03-30,1.11,0.98,1.24
CL,2020-03-31,1.03,0.91,1.17
CL,2020-04-01,0.96,0.8300000000000001,1.09
CL,2020-04-02,0.91,0.78,1.04
CL,2020-04-03,0.89,0.76,1.03
CL,2020-04-04,0.87,0.74,1.01
CL,2020-04-05,0.89,0.76,1.04
CL,2020-04-06,0.92,0.79,1.07
CL,2020-04-07,0.9500000000000001,0.81,1.09
CL,2020-04-08,0.98,0.85,1.1300000000000001
CL,2020-04-09,1.02,0.88,1.16
CL,2020-04-10,1.06,0.92,1.2
CL,2020-04-11,1.09,0.9500000000000001,1.22
CL,2020-04-12,1.11,0.97,1.24
CL,2020-04-13,1.09,0.96,1.23
CM,2020-02-28,2.0,0.34,6.43
CM,2020-02-29,1.8800000000000001,0.38,5.01
CM,2020-03-01,2.17,0.51,4.99
CM,2020-03-02,2.2800000000000002,0.61,4.59
CM,2020-03-03,2.0,0.56,3.9
CM,2020-03-04,1.6600000000000001,0.45,3.31
CM,2020-03-05,1.61,0.46,3.17
CM,2020-03-06,1.53,0.0,3.0500000000000003
CM,2020-03-07,2.09,0.36,3.6
CM,2020-03-08,2.56,1.1,3.93
CM,2020-03-09,2.91,1.77,4.0
CM,2020-03-10,3.0300000000000002,2.15,3.88
CM,2020-03-11,2.92,2.23,3.59
CM,2020-03-12,2.74,2.2,3.3000000000000003
CM,2020-03-13,2.36,1.8900000000000001,2.81
CM,2020-03-14,2.07,1.67,2.48
CM,2020-03-15,1.82,1.45,2.18
CM,2020-03-16,1.67,1.33,2.0
CM,2020-03-17,1.6600000000000001,1.36,1.98
CM,2020-03-18,1.73,1.46,2.0300000000000002
CM,2020-03-19,1.74,1.49,2.0100000000000002
CM,2020-03-20,1.78,1.55,2.02
CM,2020-03-21,1.72,1.51,1.94
CM,2020-03-22,1.69,1.49,1.8800000000000001
CM,2020-03-23,1.6400000000000001,1.46,1.82
CM,2020-03-24,1.58,1.41,1.75
CM,2020-03-25,1.53,1.37,1.69
CM,2020-03-26,1.48,1.33,1.6300000000000001
CM,2020-03-27,1.41,1.26,1.54
CM,2020-03-28,1.36,1.23,1.5
CM,2020-03-29,1.3,1.17,1.43
CM,2020-03-30,1.26,1.1300000000000001,1.3800000000000001
CM,2020-03-31,1.23,1.11,1.36
CM,2020-04-01,1.18,1.06,1.3
CM,2020-04-02,1.1400000000000001,1.03,1.27
CM,2020-04-03,1.1,0.98,1.22
CM,2020-04-04,1.05,0.9400000000000001,1.17
CM,2020-04-05,1.03,0.91,1.1400000000000001
CM,2020-04-06,0.99,0.87,1.1
CM,2020-04-07,0.9500000000000001,0.8300000000000001,1.06
CM,2020-04-08,0.89,0.78,1.02
CM,2020-04-09,0.8300000000000001,0.7000000000000001,0.9400000000000001
CM,2020-04-10,0.76,0.64,0.89
CM,2020-04-11,0.7000000000000001,0.5700000000000001,0.8300000000000001
CM,2020-04-12,0.65,0.51,0.78
CM,2020-04-13,0.61,0.47000000000000003,0.75
CN,2020-03-03,2.0,0.34,6.43
CN,2020-03-04,1.8800000000000001,0.38,5.01
CN,2020-03-05,2.17,0.51,4.99
CN,2020-03-06,2.2800000000000002,0.61,4.59
CN,2020-03-07,2.25,0.68,4.16
CN,2020-03-08,2.35,0.85,3.98
CN,2020-03-09,2.29,0.96,3.69
CN,2020-03-10,2.35,0.98,3.64
CN,2020-03-11,2.2600000000000002,1.11,3.39
CN,2020-03-12,2.02,1.0,3.0
CN,2020-03-13,1.87,0.97,2.77
CN,2020-03-14,1.71,0.88,2.52
CN,2020-03-15,1.6400000000000001,0.89,2.41
CN,2020-03-16,1.68,0.97,2.36
CN,2020-03-17,1.71,1.06,2.33
CN,2020-03-18,1.74,1.16,2.32
CN,2020-03-19,1.73,1.21,2.27
CN,2020-03-20,1.7,1.21,2.18
CN,2020-03-21,1.67,1.21,2.1
CN,2020-03-22,1.6400000000000001,1.24,2.07
CN,2020-03-23,1.57,1.19,1.96
CN,2020-03-24,1.53,1.18,1.9000000000000001
CN,2020-03-25,1.47,1.1400000000000001,1.82
CN,2020-03-26,1.4000000000000001,1.09,1.74
CN,2020-03-27,1.3,0.99,1.61
CN,2020-03-28,1.21,0.92,1.53
CN,2020-03-29,1.1,0.81,1.41
CN,2020-03-30,1.01,0.71,1.31
CN,2020-03-31,0.89,0.6,1.21
CN,2020-04-01,0.8,0.49,1.11
CN,2020-04-02,0.71,0.38,1.02
CN,2020-04-03,0.68,0.35000000000000003,1.02
CN,2020-04-04,0.65,0.3,1.0
CN,2020-04-05,0.68,0.32,1.05
CN,2020-04-06,0.72,0.33,1.08
CN,2020-04-07,0.74,0.35000000000000003,1.1300000000000001
CN,2020-04-08,0.73,0.33,1.1400000000000001
CN,2020-04-09,0.74,0.32,1.1500000000000001
CN,2020-04-10,0.67,0.24,1.1
CN,2020-04-11,0.67,0.23,1.1300000000000001
CN,2020-04-12,0.6,0.14,1.06
CN,2020-04-13,0.54,0.09,1.03
CT,2020-02-25,2.0,0.34,6.43
CT,2020-02-26,1.8800000000000001,0.38,5.01
CT,2020-02-27,2.17,0.51,4.99
CT,2020-02-28,1.96,0.5,4.24
CT,2020-02-29,2.08,0.58,4.09
CT,2020-03-01,1.8900000000000001,0.54,3.62
CT,2020-03-02,1.77,0.55,3.36
CT,2020-03-03,1.5,0.01,2.99
CT,2020-03-04,1.6500000000000001,0.09,3.09
CT,2020-03-05,1.8900000000000001,0.35000000000000003,3.3200000000000003
CT,2020-03-06,2.46,1.12,3.75
CT,2020-03-07,2.5500000000000003,1.45,3.62
CT,2020-03-08,2.7,1.81,3.56
CT,2020-03-09,2.57,1.86,3.3000000000000003
CT,2020-03-10,2.6,2.02,3.2
CT,2020-03-11,2.52,2.0300000000000002,3.0
CT,2020-03-12,2.4,2.0,2.82
CT,2020-03-13,2.39,2.05,2.74
CT,2020-03-14,2.34,2.05,2.63
CT,2020-03-15,2.34,2.09,2.58
CT,2020-03-16,2.2600000000000002,2.05,2.47
CT,2020-03-17,2.16,1.98,2.35
CT,2020-03-18,1.99,1.82,2.14
CT,2020-03-19,1.8800000000000001,1.73,2.02
CT,2020-03-20,1.81,1.68,1.94
CT,2020-03-21,1.81,1.69,1.93
CT,2020-03-22,1.77,1.67,1.8900000000000001
CT,2020-03-23,1.72,1.62,1.82
CT,2020-03-24,1.6,1.51,1.69
CT,2020-03-25,1.48,1.3900000000000001,1.56
CT,2020-03-26,1.33,1.25,1.42
CT,2020-03-27,1.23,1.1400000000000001,1.3
CT,2020-03-28,1.12,1.04,1.2
CT,2020-03-29,1.06,0.99,1.1500000000000001
CT,2020-03-30,1.03,0.9500000000000001,1.11
CT,2020-03-31,1.01,0.93,1.09
CT,2020-04-01,1.02,0.9400000000000001,1.1
CT,2020-04-02,1.03,0.9500000000000001,1.11
CT,2020-04-03,1.0,0.92,1.08
CT,2020-04-04,0.98,0.9,1.06
CT,2020-04-05,0.93,0.85,1.01
CT,2020-04-06,0.87,0.78,0.9400000000000001
CT,2020-04-07,0.84,0.75,0.92
CT,2020-04-08,0.81,0.73,0.9
CT,2020-04-09,0.8200000000000001,0.73,0.9
CT,2020-04-10,0.8200000000000001,0.74,0.92
CT,2020-04-11,0.8,0.71,0.89
CT,2020-04-12,0.77,0.68,0.87
CT,2020-04-13,0.73,0.64,0.8300000000000001
EX,2020-03-08,2.0,0.34,6.43
EX,2020-03-09,3.0100000000000002,0.7000000000000001,6.57
EX,2020-03-10,3.8200000000000003,1.52,6.07
EX,2020-03-11,3.45,1.79,4.99
EX,2020-03-12,2.98,1.76,4.18
EX,2020-03-13,2.63,1.6500000000000001,3.59
EX,2020-03-14,2.33,1.52,3.15
EX,2020-03-15,2.17,1.44,2.89
EX,2020-03-16,1.99,1.34,2.62
EX,2020-03-17,1.81,1.24,2.4
EX,2020-03-18,1.6600000000000001,1.1300000000000001,2.2
EX,2020-03-19,1.6,1.1,2.09
EX,2020-03-20,1.59,1.1300000000000001,2.05
EX,2020-03-21,1.62,1.19,2.04
EX,2020-03-22,1.72,1.33,2.11
EX,2020-03-23,1.81,1.47,2.18
EX,2020-03-24,1.83,1.52,2.16
EX,2020-03-25,1.74,1.46,2.04
EX,2020-03-26,1.59,1.33,1.87
EX,2020-03-27,1.4000000000000001,1.1400000000000001,1.6500000000000001
EX,2020-03-28,1.21,0.97,1.47
EX,2020-03-29,1.03,0.79,1.29
EX,2020-03-30,0.84,0.59,1.1
EX,2020-03-31,0.7000000000000001,0.44,0.97
EX,2020-04-01,0.61,0.33,0.88
EX,2020-04-02,0.53,0.25,0.84
EX,2020-04-03,0.53,0.23,0.85
EX,2020-04-04,0.6,0.27,0.92
EX,2020-04-05,0.66,0.32,1.0
EX,2020-04-06,0.77,0.42,1.12
EX,2020-04-07,0.85,0.51,1.23
EX,2020-04-08,0.93,0.5700000000000001,1.29
EX,2020-04-09,1.07,0.73,1.45
EX,2020-04-10,1.1500000000000001,0.79,1.49
EX,2020-04-11,1.18,0.84,1.53
EX,2020-04-12,1.17,0.8300000000000001,1.5
EX,2020-04-13,1.1,0.76,1.42
GA,2020-03-04,2.0,0.34,6.43
GA,2020-03-05,1.8800000000000001,0.38,5.01
GA,2020-03-06,2.17,0.51,4.99
GA,2020-03-07,2.64,0.79,4.99
GA,2020-03-08,2.4,0.77,4.2
GA,2020-03-09,2.88,1.37,4.42
GA,2020-03-10,2.7800000000000002,1.57,4.0200000000000005
GA,2020-03-11,2.89,1.87,3.89
GA,2020-03-12,2.69,1.85,3.48
GA,2020-03-13,2.43,1.76,3.13
GA,2020-03-14,2.17,1.57,2.75
GA,2020-03-15,2.0300000000000002,1.51,2.5500000000000003
GA,2020-03-16,1.86,1.3800000000000001,2.31
GA,2020-03-17,1.83,1.41,2.25
GA,2020-03-18,1.79,1.41,2.17
GA,2020-03-19,1.83,1.5,2.19
GA,2020-03-20,1.83,1.52,2.14
GA,2020-03-21,1.8,1.52,2.08
GA,2020-03-22,1.73,1.47,1.98
GA,2020-03-23,1.69,1.45,1.92
GA,2020-03-24,1.6400000000000001,1.43,1.87
GA,2020-03-25,1.59,1.4000000000000001,1.81
GA,2020-03-26,1.55,1.37,1.75
GA,2020-03-27,1.49,1.32,1.68
GA,2020-03-28,1.43,1.26,1.6
GA,2020-03-29,1.36,1.2,1.52
GA,2020-03-30,1.27,1.12,1.43
GA,2020-03-31,1.19,1.04,1.35
GA,2020-04-01,1.12,0.97,1.27
GA,2020-04-02,1.01,0.86,1.16
GA,2020-04-03,0.92,0.77,1.07
GA,2020-04-04,0.8300000000000001,0.68,0.99
GA,2020-04-05,0.75,0.59,0.91
GA,2020-04-06,0.6900000000000001,0.53,0.86
GA,2020-04-07,0.65,0.48,0.8300000000000001
GA,2020-04-08,0.62,0.44,0.8
GA,2020-04-09,0.63,0.44,0.8200000000000001
GA,2020-04-10,0.63,0.44,0.84
GA,2020-04-11,0.66,0.45,0.86
GA,2020-04-12,0.71,0.5,0.93
GA,2020-04-13,0.75,0.53,0.97
IB,2020-03-01,2.0,0.34,6.43
IB,2020-03-02,1.8800000000000001,0.38,5.01
IB,2020-03-03,1.8,0.38,4.45
IB,2020-03-04,1.74,0.4,4.13
IB,2020-03-05,1.69,0.37,3.85
IB,2020-03-06,1.6400000000000001,0.4,3.7
IB,2020-03-07,1.83,0.46,3.79
IB,2020-03-08,1.47,0.0,3.49
IB,2020-03-09,1.8,0.01,3.61
IB,2020-03-10,1.67,0.01,3.35
IB,2020-03-11,1.83,0.11,3.44
IB,2020-03-12,2.27,0.58,3.84
IB,2020-03-13,2.37,0.91,3.73
IB,2020-03-14,2.31,1.06,3.46
IB,2020-03-15,2.4,1.3800000000000001,3.4
IB,2020-03-16,2.2800000000000002,1.41,3.13
IB,2020-03-17,2.15,1.41,2.9
IB,2020-03-18,2.09,1.44,2.74
IB,2020-03-19,1.94,1.37,2.5300000000000002
IB,2020-03-20,1.87,1.36,2.4
IB,2020-03-21,1.78,1.32,2.2600000000000002
IB,2020-03-22,1.68,1.24,2.1
IB,2020-03-23,1.6,1.2,2.0
IB,2020-03-24,1.54,1.17,1.92
IB,2020-03-25,1.44,1.1,1.81
IB,2020-03-26,1.36,1.02,1.7
IB,2020-03-27,1.24,0.92,1.58
IB,2020-03-28,1.12,0.81,1.46
IB,2020-03-29,1.01,0.7000000000000001,1.35
IB,2020-03-30,0.92,0.59,1.24
IB,2020-03-31,0.8200000000000001,0.49,1.16
IB,2020-04-01,0.72,0.37,1.06
IB,2020-04-02,0.63,0.26,0.98
IB,2020-04-03,0.54,0.17,0.93
IB,2020-04-04,0.52,0.12,0.91
IB,2020-04-05,0.54,0.13,0.97
IB,2020-04-06,0.58,0.15,1.04
IB,2020-04-07,0.67,0.21,1.1500000000000001
IB,2020-04-08,0.75,0.26,1.23
IB,2020-04-09,0.79,0.3,1.3
IB,2020-04-10,0.8300000000000001,0.32,1.34
IB,2020-04-11,0.84,0.32,1.36
IB,2020-04-12,0.8,0.27,1.33
IB,2020-04-13,0.71,0.18,1.26
MC,2020-03-06,2.0,0.34,6.43
MC,2020-03-07,2.35,0.48,5.72
MC,2020-03-08,2.43,0.64,4.98
MC,2020-03-09,2.64,0.87,4.67
MC,2020-03-10,2.54,0.99,4.17
MC,2020-03-11,2.37,1.05,3.74
MC,2020-03-12,2.22,1.08,3.4
MC,2020-03-13,2.1,0.97,3.2
MC,2020-03-14,1.92,0.9,2.88
MC,2020-03-15,1.85,0.9400000000000001,2.72
MC,2020-03-16,1.83,1.03,2.64
MC,2020-03-17,1.79,1.07,2.5300000000000002
MC,2020-03-18,1.75,1.09,2.42
MC,2020-03-19,1.72,1.11,2.32
MC,2020-03-20,1.6300000000000001,1.08,2.2
MC,2020-03-21,1.62,1.11,2.15
MC,2020-03-22,1.62,1.1500000000000001,2.11
MC,2020-03-23,1.6300000000000001,1.2,2.09
MC,2020-03-24,1.6300000000000001,1.23,2.05
MC,2020-03-25,1.58,1.2,1.96
MC,2020-03-26,1.48,1.1300000000000001,1.85
MC,2020-03-27,1.36,1.03,1.72
MC,2020-03-28,1.22,0.9,1.57
MC,2020-03-29,1.06,0.73,1.3900000000000001
MC,2020-03-30,0.92,0.59,1.26
MC,2020-03-31,0.79,0.46,1.1500000000000001
MC,2020-04-01,0.6900000000000001,0.34,1.05
MC,2020-04-02,0.61,0.25,1.0
MC,2020-04-03,0.59,0.21,0.99
MC,2020-04-04,0.6,0.2,1.02
MC,2020-04-05,0.66,0.24,1.1
MC,2020-04-06,0.6900000000000001,0.25,1.1400000000000001
MC,2020-04-07,0.7000000000000001,0.24,1.16
MC,2020-04-08,0.7000000000000001,0.23,1.19
MC,2020-04-09,0.7000000000000001,0.22,1.21
MC,2020-04-10,0.73,0.22,1.24
MC,2020-04-11,0.77,0.23,1.28
MC,2020-04-12,0.79,0.25,1.33
MC,2020-04-13,0.8200000000000001,0.28,1.3900000000000001
MD,2020-02-24,2.0,0.34,6.43
MD,2020-02-25,1.8800000000000001,0.38,5.01
MD,2020-02-26,2.17,0.51,4.99
MD,2020-02-27,2.2800000000000002,0.61,4.59
MD,2020-02-28,2.77,1.0,4.69
MD,2020-02-29,2.71,1.21,4.25
MD,2020-03-01,2.63,1.37,3.87
MD,2020-03-02,2.58,1.48,3.67
MD,2020-03-03,2.3000000000000003,1.37,3.23
MD,2020-03-04,2.07,1.26,2.89
MD,2020-03-05,2.45,1.78,3.14
MD,2020-03-06,2.77,2.23,3.3200000000000003
MD,2020-03-07,2.82,2.4,3.27
MD,2020-03-08,2.72,2.38,3.08
MD,2020-03-09,2.58,2.31,2.89
MD,2020-03-10,2.5100000000000002,2.2800000000000002,2.7600000000000002
MD,2020-03-11,2.35,2.15,2.5500000000000003
MD,2020-03-12,2.15,1.97,2.32
MD,2020-03-13,1.95,1.79,2.1
MD,2020-03-14,1.77,1.62,1.9000000000000001
MD,2020-03-15,1.6300000000000001,1.5,1.76
MD,2020-03-16,1.48,1.36,1.61
MD,2020-03-17,1.41,1.29,1.53
MD,2020-03-18,1.35,1.24,1.47
MD,2020-03-19,1.3,1.19,1.41
MD,2020-03-20,1.29,1.19,1.4000000000000001
MD,2020-03-21,1.33,1.23,1.43
MD,2020-03-22,1.4000000000000001,1.31,1.5
MD,2020-03-23,1.51,1.42,1.6
MD,2020-03-24,1.52,1.43,1.6
MD,2020-03-25,1.48,1.4000000000000001,1.56
MD,2020-03-26,1.41,1.33,1.48
MD,2020-03-27,1.33,1.26,1.41
MD,2020-03-28,1.26,1.19,1.33
MD,2020-03-29,1.2,1.1300000000000001,1.27
MD,2020-03-30,1.1500000000000001,1.08,1.22
MD,2020-03-31,1.1,1.03,1.16
MD,2020-04-01,1.05,0.98,1.11
MD,2020-04-02,1.01,0.9400000000000001,1.07
MD,2020-04-03,0.9500000000000001,0.88,1.01
MD,2020-04-04,0.91,0.84,0.98
MD,2020-04-05,0.86,0.79,0.93
MD,2020-04-06,0.8,0.73,0.87
MD,2020-04-07,0.75,0.68,0.8300000000000001
MD,2020-04-08,0.71,0.63,0.78
MD,2020-04-09,0.68,0.61,0.77
MD,2020-04-10,0.68,0.6,0.76
MD,2020-04-11,0.65,0.56,0.73
MD,2020-04-12,0.62,0.54,0.72
MD,2020-04-13,0.61,0.52,0.71
ML,2020-03-11,2.0,0.34,6.43
ML,2020-03-12,1.8800000000000001,0.38,5.01
ML,2020-03-13,2.17,0.51,4.99
ML,2020-03-14,2.2800000000000002,0.61,4.59
ML,2020-03-15,2.25,0.68,4.16
ML,2020-03-16,1.98,0.61,3.59
ML,2020-03-17,1.68,0.53,3.14
ML,2020-03-18,1.42,0.0,2.79
ML,2020-03-19,1.2,0.0,2.5500000000000003
ML,2020-03-20,0.8,0.0,2.25
ML,2020-03-21,0.79,0.0,2.2800000000000002
ML,2020-03-22,0.56,0.0,2.18
ML,2020-03-23,0.76,0.0,2.38
ML,2020-03-24,1.0,0.0,2.58
ML,2020-03-25,1.24,0.0,2.75
ML,2020-03-26,1.23,0.0,2.69
ML,2020-03-27,1.42,0.0,2.79
ML,2020-03-28,1.2,0.0,2.5500000000000003
ML,2020-03-29,1.19,0.0,2.5100000000000002
ML,2020-03-30,1.18,0.01,2.49
ML,2020-03-31,1.33,0.03,2.6
ML,2020-04-01,1.16,0.0,2.38
ML,2020-04-02,1.3,0.05,2.52
ML,2020-04-03,1.41,0.14,2.64
ML,2020-04-04,1.25,0.07,2.4
ML,2020-04-05,1.12,0.0,2.19
ML,2020-04-06,0.88,0.0,2.0
ML,2020-04-07,0.75,0.0,1.92
ML,2020-04-08,0.59,0.0,1.86
ML,2020-04-09,0.55,0.0,1.8900000000000001
ML,2020-04-10,0.11,0.0,1.73
ML,2020-04-11,0.35000000000000003,0.0,2.02
ML,2020-04-12,0.22,0.0,2.09
ML,2020-04-13,0.38,0.0,2.34
NC,2020-03-06,2.0,0.34,6.43
NC,2020-03-07,3.89,1.08,7.51
NC,2020-03-08,3.81,1.6600000000000001,5.9
NC,2020-03-09,3.79,2.3000000000000003,5.23
NC,2020-03-10,3.14,2.0300000000000002,4.18
NC,2020-03-11,2.67,1.82,3.54
NC,2020-03-12,2.45,1.72,3.14
NC,2020-03-13,2.19,1.57,2.82
NC,2020-03-14,1.98,1.43,2.54
NC,2020-03-15,1.86,1.36,2.35
NC,2020-03-16,1.68,1.23,2.14
NC,2020-03-17,1.62,1.19,2.0300000000000002
NC,2020-03-18,1.58,1.19,1.98
NC,2020-03-19,1.5,1.1400000000000001,1.8800000000000001
NC,2020-03-20,1.49,1.1500000000000001,1.85
NC,2020-03-21,1.47,1.1500000000000001,1.81
NC,2020-03-22,1.46,1.16,1.78
NC,2020-03-23,1.5,1.21,1.79
NC,2020-03-24,1.49,1.22,1.77
NC,2020-03-25,1.47,1.22,1.74
NC,2020-03-26,1.41,1.17,1.6600000000000001
NC,2020-03-27,1.33,1.09,1.56
NC,2020-03-28,1.23,1.01,1.47
NC,2020-03-29,1.1500000000000001,0.93,1.3800000000000001
NC,2020-03-30,1.06,0.85,1.3
NC,2020-03-31,0.99,0.78,1.23
NC,2020-04-01,0.92,0.7000000000000001,1.1500000000000001
NC,2020-04-02,0.87,0.65,1.11
NC,2020-04-03,0.85,0.62,1.09
NC,2020-04-04,0.84,0.61,1.09
NC,2020-04-05,0.8300000000000001,0.6,1.09
NC,2020-04-06,0.84,0.6,1.1
NC,2020-04-07,0.8300000000000001,0.58,1.09
NC,2020-04-08,0.85,0.6,1.12
NC,2020-04-09,0.86,0.61,1.1400000000000001
NC,2020-04-10,0.88,0.62,1.1500000000000001
NC,2020-04-11,0.91,0.65,1.19
NC,2020-04-12,0.92,0.65,1.2
NC,2020-04-13,0.87,0.59,1.1400000000000001
PV,2020-02-27,2.0,0.34,6.43
PV,2020-02-28,2.35,0.48,5.72
PV,2020-02-29,2.43,0.64,4.98
PV,2020-03-01,2.08,0.58,4.09
PV,2020-03-02,2.3000000000000003,0.76,4.05
PV,2020-03-03,2.16,0.8200000000000001,3.69
PV,2020-03-04,2.2800000000000002,0.98,3.56
PV,2020-03-05,2.67,1.45,3.83
PV,2020-03-06,2.62,1.6400000000000001,3.58
PV,2020-03-07,2.46,1.6500000000000001,3.27
PV,2020-03-08,2.46,1.8,3.15
PV,2020-03-09,2.24,1.6600000000000001,2.81
PV,2020-03-10,2.13,1.6300000000000001,2.63
PV,2020-03-11,1.98,1.55,2.44
PV,2020-03-12,1.74,1.34,2.15
PV,2020-03-13,1.58,1.21,1.96
PV,2020-03-14,1.52,1.18,1.8900000000000001
PV,2020-03-15,1.47,1.1300000000000001,1.79
PV,2020-03-16,1.55,1.24,1.86
PV,2020-03-17,1.61,1.33,1.9100000000000001
PV,2020-03-18,1.68,1.42,1.95
PV,2020-03-19,1.73,1.49,1.97
PV,2020-03-20,1.69,1.47,1.9100000000000001
PV,2020-03-21,1.6600000000000001,1.46,1.87
PV,2020-03-22,1.6400000000000001,1.46,1.84
PV,2020-03-23,1.62,1.45,1.8
PV,2020-03-24,1.58,1.43,1.76
PV,2020-03-25,1.52,1.3800000000000001,1.69
PV,2020-03-26,1.43,1.29,1.58
PV,2020-03-27,1.32,1.19,1.47
PV,2020-03-28,1.21,1.07,1.34
PV,2020-03-29,1.09,0.96,1.23
PV,2020-03-30,1.0,0.87,1.1400000000000001
PV,2020-03-31,0.92,0.79,1.06
PV,2020-04-01,0.86,0.73,1.01
PV,2020-04-02,0.8300000000000001,0.6900000000000001,0.97
PV,2020-04-03,0.8200000000000001,0.68,0.97
PV,2020-04-04,0.81,0.66,0.9500000000000001
PV,2020-04-05,0.8300000000000001,0.68,0.98
PV,2020-04-06,0.8300000000000001,0.68,0.99
PV,2020-04-07,0.84,0.68,0.99
PV,2020-04-08,0.8300000000000001,0.68,1.0
PV,2020-04-09,0.85,0.6900000000000001,1.02
PV,2020-04-10,0.86,0.7000000000000001,1.03
PV,2020-04-11,0.89,0.73,1.07
PV,2020-04-12,0.9,0.73,1.07
PV,2020-04-13,0.89,0.72,1.07
RI,2020-02-29,2.0,0.34,6.43
RI,2020-03-01,1.8800000000000001,0.38,5.01
RI,2020-03-02,2.65,0.68,5.5600000000000005
RI,2020-03-03,2.81,0.93,4.98
RI,2020-03-04,2.84,1.2,4.53
RI,2020-03-05,2.63,1.27,3.97
RI,2020-03-06,2.67,1.55,3.7800000000000002
RI,2020-03-07,2.62,1.67,3.5700000000000003
RI,2020-03-08,2.4,1.6,3.19
RI,2020-03-09,2.1,1.41,2.8000000000000003
RI,2020-03-10,1.8900000000000001,1.26,2.5
RI,2020-03-11,1.6400000000000001,1.08,2.23
RI,2020-03-12,1.44,0.91,2.0
RI,2020-03-13,1.22,0.71,1.77
RI,2020-03-14,1.12,0.61,1.6500000000000001
RI,2020-03-15,1.07,0.56,1.59
RI,2020-03-16,1.07,0.56,1.58
RI,2020-03-17,1.1,0.6,1.61
RI,2020-03-18,1.22,0.73,1.71
RI,2020-03-19,1.37,0.91,1.85
RI,2020-03-20,1.47,1.01,1.8900000000000001
RI,2020-03-21,1.5,1.08,1.9100000000000001
RI,2020-03-22,1.48,1.09,1.87
RI,2020-03-23,1.53,1.17,1.9000000000000001
RI,2020-03-24,1.58,1.24,1.92
RI,2020-03-25,1.61,1.29,1.92
RI,2020-03-26,1.58,1.3,1.8900000000000001
RI,2020-03-27,1.51,1.24,1.79
RI,2020-03-28,1.3900000000000001,1.1400000000000001,1.67
RI,2020-03-29,1.28,1.03,1.54
RI,2020-03-30,1.1400000000000001,0.89,1.3900000000000001
RI,2020-03-31,1.06,0.8200000000000001,1.32
RI,2020-04-01,0.99,0.75,1.25
RI,2020-04-02,0.96,0.72,1.22
RI,2020-04-03,0.96,0.72,1.22
RI,2020-04-04,0.97,0.72,1.22
RI,2020-04-05,0.98,0.72,1.22
RI,2020-04-06,0.97,0.72,1.23
RI,2020-04-07,0.91,0.66,1.17
RI,2020-04-08,0.8200000000000001,0.56,1.08
RI,2020-04-09,0.74,0.47000000000000003,1.01
RI,2020-04-10,0.66,0.38,0.9400000000000001
RI,2020-04-11,0.63,0.34,0.93
RI,2020-04-12,0.64,0.34,0.96
RI,2020-04-13,0.71,0.4,1.04
VC,2020-02-24,2.0,0.34,6.43
VC,2020-02-25,1.8800000000000001,0.38,5.01
VC,2020-02-26,2.17,0.51,4.99
VC,2020-02-27,2.2800000000000002,0.61,4.59
VC,2020-02-28,2.0,0.56,3.9
VC,2020-02-29,1.84,0.55,3.5300000000000002
VC,2020-03-01,1.59,0.45,3.09
VC,2020-03-02,1.26,0.0,2.81
VC,2020-03-03,1.47,0.01,2.92
VC,2020-03-04,1.22,0.0,2.64
VC,2020-03-05,1.21,0.01,2.61
VC,2020-03-06,1.3800000000000001,0.01,2.7
VC,2020-03-07,1.51,0.12,2.85
VC,2020-03-08,1.73,0.34,3.06
VC,2020-03-09,1.84,0.53,3.0700000000000003
VC,2020-03-10,1.96,0.78,3.0700000000000003
VC,2020-03-11,3.08,2.17,3.94
VC,2020-03-12,2.9,2.2,3.6
VC,2020-03-13,2.7800000000000002,2.22,3.34
VC,2020-03-14,2.57,2.11,3.0300000000000002
VC,2020-03-15,2.32,1.94,2.72
VC,2020-03-16,2.12,1.79,2.47
VC,2020-03-17,1.99,1.69,2.29
VC,2020-03-18,1.77,1.5,2.05
VC,2020-03-19,1.7,1.45,1.95
VC,2020-03-20,1.58,1.36,1.83
VC,2020-03-21,1.52,1.31,1.75
VC,2020-03-22,1.53,1.33,1.74
VC,2020-03-23,1.52,1.32,1.7
VC,2020-03-24,1.51,1.33,1.69
VC,2020-03-25,1.52,1.35,1.69
VC,2020-03-26,1.46,1.3,1.62
VC,2020-03-27,1.4000000000000001,1.26,1.57
VC,2020-03-28,1.32,1.17,1.46
VC,2020-03-29,1.2,1.06,1.35
VC,2020-03-30,1.11,0.97,1.25
VC,2020-03-31,1.0,0.86,1.1400000000000001
VC,2020-04-01,0.88,0.74,1.03
VC,2020-04-02,0.8,0.65,0.9400000000000001
VC,2020-04-03,0.7000000000000001,0.55,0.86
VC,2020-04-04,0.62,0.47000000000000003,0.79
VC,2020-04-05,0.59,0.42,0.76
VC,2020-04-06,0.59,0.41000000000000003,0.76
VC,2020-04-07,0.66,0.48,0.85
VC,2020-04-08,0.78,0.59,0.97
VC,2020-04-09,0.88,0.68,1.06
VC,2020-04-10,0.97,0.78,1.17
VC,2020-04-11,1.03,0.8300000000000001,1.21
VC,2020-04-12,1.04,0.85,1.23
VC,2020-04-13,0.98,0.79,1.17
